frame,sim_time,fwd_cmd,turn_cmd,left_valve_mA,right_valve_mA,left_valve_pos,right_valve_pos,left_flow,right_flow,left_rpm,right_rpm,left_vel,right_vel,heading,pid_out,pid_error,pid_p,pid_i,pid_d,left_eff
0,1.104,0.0,0.0,0.0,0.0,0.0000,0.0000,0.000,0.000,0.0,0.0,0.000,0.000,0.000,0.000,0.000,0.000,0.000,0.000,0.950
1,1.120,0.0,0.0,0.0,0.0,0.0000,0.0000,0.000,0.000,0.0,0.0,0.000,0.000,0.000,0.000,0.000,0.000,0.000,0.000,0.950
2,1.136,0.0,0.0,0.0,0.0,0.0000,0.0000,0.000,0.000,0.0,0.0,0.000,0.000,0.000,0.000,0.000,0.000,0.000,0.000,0.950
3,1.152,0.0,0.0,0.0,0.0,0.0000,0.0000,0.000,0.000,0.0,0.0,0.000,0.000,0.000,0.000,0.000,0.000,0.000,0.000,0.950
4,1.168,0.0,0.0,0.0,0.0,0.0000,0.0000,0.000,0.000,0.0,0.0,0.000,0.000,0.000,0.000,0.000,0.000,0.000,0.000,0.950
5,1.184,0.0,0.0,0.0,0.0,0.0000,0.0000,0.000,0.000,0.0,0.0,0.000,0.000,0.000,0.000,0.000,0.000,0.000,0.000,0.950
6,1.200,0.0,0.0,0.0,0.0,0.0000,0.0000,0.000,0.000,0.0,0.0,0.000,0.000,0.000,0.000,0.000,0.000,0.000,0.000,0.950
7,1.216,0.0,0.0,0.0,0.0,0.0000,0.0000,0.000,0.000,0.0,0.0,0.000,0.000,0.000,0.000,0.000,0.000,0.000,0.000,0.950
8,1.232,0.0,0.0,0.0,0.0,0.0000,0.0000,0.000,0.000,0.0,0.0,0.000,0.000,0.000,0.000,0.000,0.000,0.000,0.000,0.950
9,1.248,0.0,0.0,0.0,0.0,0.0000,0.0000,0.000,0.000,0.0,0.0,0.000,0.000,0.000,0.000,0.000,0.000,0.000,0.000,0.950
10,1.264,0.0,0.0,0.0,0.0,0.0000,0.0000,0.000,0.000,0.0,0.0,0.000,0.000,0.000,0.000,0.000,0.000,0.000,0.000,0.950
11,1.280,0.0,0.0,0.0,0.0,0.0000,0.0000,0.000,0.000,0.0,0.0,0.000,0.000,0.000,0.000,0.000,0.000,0.000,0.000,0.950
12,1.296,0.0,0.0,0.0,0.0,0.0000,0.0000,0.000,0.000,0.0,0.0,0.000,0.000,0.000,0.000,0.000,0.000,0.000,0.000,0.950
13,1.312,0.0,0.0,0.0,0.0,0.0000,0.0000,0.000,0.000,0.0,0.0,0.000,0.000,0.000,0.000,0.000,0.000,0.000,0.000,0.950
14,1.328,0.0,0.0,0.0,0.0,0.0000,0.0000,0.000,0.000,0.0,0.0,0.000,0.000,0.000,0.000,0.000,0.000,0.000,0.000,0.950
15,1.344,0.0,0.0,0.0,0.0,0.0000,0.0000,0.000,0.000,0.0,0.0,0.000,0.000,0.000,0.000,0.000,0.000,0.000,0.000,0.950
16,1.360,0.0,0.0,0.0,0.0,0.0000,0.0000,0.000,0.000,0.0,0.0,0.000,0.000,0.000,0.000,0.000,0.000,0.000,0.000,0.950
17,1.376,0.0,0.0,0.0,0.0,0.0000,0.0000,0.000,0.000,0.0,0.0,0.000,0.000,0.000,0.000,0.000,0.000,0.000,0.000,0.950
18,1.392,0.0,0.0,0.0,0.0,0.0000,0.0000,0.000,0.000,0.0,0.0,0.000,0.000,0.000,0.000,0.000,0.000,0.000,0.000,0.950
19,1.408,0.0,0.0,0.0,0.0,0.0000,0.0000,0.000,0.000,0.0,0.0,0.000,0.000,0.000,0.000,0.000,0.000,0.000,0.000,0.950
20,1.424,0.0,0.0,0.0,0.0,0.0000,0.0000,0.000,0.000,0.0,0.0,0.000,0.000,0.000,0.000,0.000,0.000,0.000,0.000,0.950
21,1.440,0.0,0.0,0.0,0.0,0.0000,0.0000,0.000,0.000,0.0,0.0,0.000,0.000,0.000,0.000,0.000,0.000,0.000,0.000,0.950
22,1.456,0.0,0.0,0.0,0.0,0.0000,0.0000,0.000,0.000,0.0,0.0,0.000,0.000,0.000,0.000,0.000,0.000,0.000,0.000,0.950
23,1.472,0.0,0.0,0.0,0.0,0.0000,0.0000,0.000,0.000,0.0,0.0,0.000,0.000,0.000,0.000,0.000,0.000,0.000,0.000,0.950
24,1.488,0.0,0.0,0.0,0.0,0.0000,0.0000,0.000,0.000,0.0,0.0,0.000,0.000,0.000,0.000,0.000,0.000,0.000,0.000,0.950
25,1.504,0.0,0.0,0.0,0.0,0.0000,0.0000,0.000,0.000,0.0,0.0,0.000,0.000,0.000,0.000,0.000,0.000,0.000,0.000,0.950
26,1.520,0.0,0.0,0.0,0.0,0.0000,0.0000,0.000,0.000,0.0,0.0,0.000,0.000,0.000,0.000,0.000,0.000,0.000,0.000,0.950
27,1.536,0.0,0.0,0.0,0.0,0.0000,0.0000,0.000,0.000,0.0,0.0,0.000,0.000,0.000,0.000,0.000,0.000,0.000,0.000,0.950
28,1.552,0.0,0.0,0.0,0.0,0.0000,0.0000,0.000,0.000,0.0,0.0,0.000,0.000,0.000,0.000,0.000,0.000,0.000,0.000,0.950
29,1.568,0.0,0.0,0.0,0.0,0.0000,0.0000,0.000,0.000,0.0,0.0,0.000,0.000,0.000,0.000,0.000,0.000,0.000,0.000,0.950
30,1.584,0.0,0.0,0.0,0.0,0.0000,0.0000,0.000,0.000,0.0,0.0,0.000,0.000,0.000,0.000,0.000,0.000,0.000,0.000,0.950
31,1.600,0.0,0.0,0.0,0.0,0.0000,0.0000,0.000,0.000,0.0,0.0,0.000,0.000,0.000,0.000,0.000,0.000,0.000,0.000,0.950
32,1.616,0.0,0.0,0.0,0.0,0.0000,0.0000,0.000,0.000,0.0,0.0,0.000,0.000,0.000,0.000,0.000,0.000,0.000,0.000,0.950
33,1.632,0.0,0.0,0.0,0.0,0.0000,0.0000,0.000,0.000,0.0,0.0,0.000,0.000,0.000,0.000,0.000,0.000,0.000,0.000,0.950
34,1.648,0.0,0.0,0.0,0.0,0.0000,0.0000,0.000,0.000,0.0,0.0,0.000,0.000,0.000,0.000,0.000,0.000,0.000,0.000,0.950
35,1.664,0.0,0.0,0.0,0.0,0.0000,0.0000,0.000,0.000,0.0,0.0,0.000,0.000,0.000,0.000,0.000,0.000,0.000,0.000,0.950
36,1.680,0.0,0.0,0.0,0.0,0.0000,0.0000,0.000,0.000,0.0,0.0,0.000,0.000,0.000,0.000,0.000,0.000,0.000,0.000,0.950
37,1.696,0.0,0.0,0.0,0.0,0.0000,0.0000,0.000,0.000,0.0,0.0,0.000,0.000,0.000,0.000,0.000,0.000,0.000,0.000,0.950
38,1.712,0.0,0.0,0.0,0.0,0.0000,0.0000,0.000,0.000,0.0,0.0,0.000,0.000,0.000,0.000,0.000,0.000,0.000,0.000,0.950
39,1.728,0.0,0.0,0.0,0.0,0.0000,0.0000,0.000,0.000,0.0,0.0,0.000,0.000,0.000,0.000,0.000,0.000,0.000,0.000,0.950
40,1.744,0.0,0.0,0.0,0.0,0.0000,0.0000,0.000,0.000,0.0,0.0,0.000,0.000,0.000,0.000,0.000,0.000,0.000,0.000,0.950
41,1.760,0.0,0.0,0.0,0.0,0.0000,0.0000,0.000,0.000,0.0,0.0,0.000,0.000,0.000,0.000,0.000,0.000,0.000,0.000,0.950
42,1.776,0.0,0.0,0.0,0.0,0.0000,0.0000,0.000,0.000,0.0,0.0,0.000,0.000,0.000,0.000,0.000,0.000,0.000,0.000,0.950
43,1.792,0.0,0.0,0.0,0.0,0.0000,0.0000,0.000,0.000,0.0,0.0,0.000,0.000,0.000,0.000,0.000,0.000,0.000,0.000,0.950
44,1.808,22.2,0.0,22.2,22.2,0.0000,0.0000,0.000,0.000,0.0,0.0,0.000,0.000,0.000,0.000,-0.000,-0.000,0.000,-0.000,0.950
45,1.824,22.2,0.0,22.2,22.2,0.0000,0.0000,0.000,0.000,0.0,0.0,0.000,0.000,0.000,0.000,-0.000,-0.000,0.000,0.000,0.950
46,1.840,22.2,0.0,22.2,22.2,0.0000,0.0000,0.000,0.000,0.0,0.0,0.000,0.000,0.000,0.000,-0.000,-0.000,0.000,0.000,0.950
47,1.856,22.2,0.0,22.2,22.2,0.0000,0.0000,0.000,0.000,0.0,0.0,0.000,0.000,0.000,0.000,-0.000,-0.000,0.000,0.000,0.950
48,1.872,22.2,0.0,22.2,22.2,0.0000,0.0000,0.000,0.000,0.0,0.0,0.000,0.000,0.000,0.000,-0.000,-0.000,0.000,0.000,0.950
49,1.888,44.4,0.0,44.4,44.4,0.0000,0.0000,0.000,0.000,0.0,0.0,0.000,0.000,0.000,0.000,-0.000,-0.000,0.000,0.000,0.950
50,1.904,88.9,0.0,88.9,88.9,0.0065,0.0065,0.074,0.082,0.1,0.1,0.001,0.001,-0.000,0.000,-0.000,-0.000,0.000,0.000,0.950
51,1.920,133.3,0.0,133.6,133.0,0.0193,0.0192,0.220,0.242,0.2,0.2,0.005,0.006,-0.000,0.312,0.000,0.139,0.000,0.173,0.950
52,1.936,166.7,0.0,167.7,165.7,0.0357,0.0353,0.406,0.443,0.5,0.5,0.012,0.013,-0.001,0.992,0.001,0.518,0.001,0.474,0.950
53,1.952,177.8,0.0,179.7,175.8,0.0514,0.0504,0.584,0.632,0.8,0.9,0.022,0.023,-0.002,1.937,0.001,1.148,0.001,0.788,0.950
54,1.968,188.9,0.0,191.8,186.0,0.0665,0.0646,0.754,0.811,1.3,1.4,0.033,0.036,-0.003,2.926,0.002,1.936,0.003,0.986,0.950
55,1.984,200.0,0.0,203.9,196.1,0.0810,0.0782,0.919,0.980,1.8,1.9,0.047,0.051,-0.005,3.893,0.003,2.804,0.005,1.084,0.950
56,2.000,211.1,0.0,215.9,206.3,0.0952,0.0912,1.078,1.143,2.4,2.6,0.063,0.068,-0.007,4.820,0.004,3.696,0.008,1.115,0.950
57,2.016,222.2,0.0,227.9,216.6,0.1090,0.1038,1.234,1.299,3.1,3.3,0.080,0.086,-0.009,5.664,0.005,4.565,0.012,1.087,0.950
58,2.032,233.3,0.0,239.8,226.9,0.1224,0.1160,1.385,1.450,3.8,4.0,0.099,0.105,-0.012,6.431,0.005,5.387,0.016,1.028,0.950
59,2.048,244.4,0.0,251.6,237.3,0.1356,0.1278,1.533,1.597,4.5,4.8,0.119,0.126,-0.015,7.122,0.006,6.147,0.021,0.954,0.950
60,2.064,244.4,0.0,252.2,236.7,0.1467,0.1376,1.657,1.719,5.3,5.6,0.140,0.147,-0.019,7.725,0.007,6.837,0.027,0.862,0.950
61,2.080,244.4,0.0,252.6,236.3,0.1560,0.1458,1.762,1.819,6.2,6.5,0.161,0.169,-0.022,8.192,0.007,7.427,0.032,0.733,0.950
62,2.096,255.6,0.0,264.1,247.0,0.1657,0.1543,1.870,1.925,7.0,7.3,0.182,0.191,-0.026,8.529,0.008,7.899,0.039,0.591,0.950
63,2.112,266.7,0.0,275.5,257.9,0.1757,0.1632,1.982,2.035,7.8,8.1,0.204,0.213,-0.030,8.813,0.008,8.285,0.045,0.482,0.950
64,2.128,277.8,0.0,286.9,268.7,0.1859,0.1725,2.096,2.149,8.7,9.0,0.227,0.235,-0.034,9.096,0.009,8.622,0.052,0.421,0.950
65,2.144,300.0,0.0,309.4,290.6,0.1981,0.1838,2.233,2.290,9.5,9.9,0.250,0.259,-0.038,9.389,0.009,8.936,0.059,0.393,0.950
66,2.160,322.2,0.0,332.0,312.4,0.2122,0.1970,2.391,2.454,10.5,10.8,0.274,0.284,-0.043,9.791,0.009,9.288,0.067,0.437,0.950
67,2.176,344.4,0.0,354.8,334.1,0.2275,0.2114,2.563,2.632,11.4,11.8,0.299,0.309,-0.047,10.332,0.010,9.716,0.075,0.542,0.950
68,2.192,344.4,0.0,355.4,333.5,0.2405,0.2235,2.709,2.782,12.4,12.8,0.325,0.336,-0.052,10.945,0.010,10.227,0.083,0.635,0.950
69,2.208,355.6,0.0,367.1,344.0,0.2532,0.2352,2.852,2.927,13.4,13.9,0.352,0.363,-0.058,11.542,0.011,10.769,0.091,0.682,0.950
70,2.224,355.6,0.0,367.6,343.5,0.2640,0.2449,2.972,3.047,14.5,14.9,0.379,0.391,-0.063,12.085,0.011,11.311,0.101,0.674,0.950
71,2.240,377.8,0.0,390.3,365.2,0.2767,0.2566,3.114,3.192,15.5,16.0,0.406,0.419,-0.069,12.567,0.012,11.819,0.110,0.638,0.950
72,2.256,377.8,0.0,390.9,364.7,0.2874,0.2663,3.234,3.312,16.6,17.1,0.434,0.447,-0.075,13.080,0.012,12.328,0.120,0.632,0.950
73,2.272,388.9,0.0,402.4,375.4,0.2982,0.2761,3.354,3.432,17.6,18.1,0.462,0.475,-0.081,13.536,0.013,12.805,0.130,0.601,0.950
74,2.288,388.9,0.0,402.8,374.9,0.3073,0.2842,3.455,3.532,18.7,19.2,0.489,0.503,-0.087,13.946,0.013,13.250,0.141,0.555,0.950
75,2.304,388.9,0.0,403.2,374.6,0.3149,0.2910,3.540,3.615,19.7,20.2,0.516,0.530,-0.093,14.281,0.014,13.641,0.152,0.489,0.950
76,2.320,388.9,0.0,403.4,374.4,0.3214,0.2965,3.611,3.682,20.7,21.3,0.542,0.556,-0.100,14.521,0.014,13.960,0.163,0.399,0.950
77,2.336,388.9,0.0,403.6,374.2,0.3267,0.3011,3.670,3.738,21.7,22.2,0.568,0.582,-0.106,14.680,0.014,14.202,0.174,0.303,0.950
78,2.352,388.9,0.0,403.7,374.1,0.3312,0.3050,3.719,3.784,22.6,23.2,0.592,0.606,-0.113,14.769,0.014,14.372,0.186,0.212,0.950
79,2.368,388.9,0.0,403.7,374.1,0.3350,0.3082,3.759,3.822,23.5,24.1,0.615,0.630,-0.120,14.804,0.014,14.476,0.197,0.130,0.950
80,2.384,388.9,0.0,403.7,374.1,0.3381,0.3108,3.793,3.854,24.3,24.9,0.637,0.652,-0.126,14.799,0.015,14.527,0.209,0.063,0.950
81,2.400,388.9,0.0,403.7,374.1,0.3407,0.3130,3.821,3.880,25.1,25.7,0.658,0.673,-0.133,14.767,0.015,14.536,0.220,0.011,0.950
82,2.416,388.9,0.0,403.6,374.2,0.3428,0.3149,3.844,3.902,25.9,26.5,0.678,0.692,-0.140,14.721,0.015,14.515,0.232,-0.026,0.950
83,2.432,388.9,0.0,403.6,374.2,0.3446,0.3165,3.863,3.920,26.6,27.2,0.697,0.711,-0.146,14.668,0.014,14.474,0.244,-0.050,0.950
84,2.448,411.1,0.0,425.7,396.5,0.3498,0.3215,3.920,3.982,27.3,27.9,0.715,0.730,-0.153,14.614,0.014,14.423,0.255,-0.064,0.950
85,2.464,433.3,0.0,448.1,418.6,0.3579,0.3293,4.011,4.079,28.0,28.6,0.734,0.748,-0.160,14.744,0.014,14.447,0.267,0.030,0.950
86,2.480,444.4,0.0,459.5,429.4,0.3665,0.3377,4.107,4.183,28.7,29.3,0.753,0.767,-0.166,15.066,0.015,14.599,0.278,0.189,0.950
87,2.496,466.7,0.0,482.2,451.2,0.3774,0.3482,4.230,4.314,29.5,30.1,0.772,0.788,-0.173,15.486,0.015,14.864,0.290,0.332,0.950
88,2.512,477.8,0.0,493.8,461.7,0.3885,0.3588,4.355,4.446,30.3,30.9,0.793,0.809,-0.181,16.060,0.015,15.261,0.303,0.497,0.950
89,2.528,500.0,0.0,516.7,483.3,0.4015,0.3712,4.501,4.600,31.1,31.7,0.814,0.831,-0.188,16.691,0.016,15.755,0.315,0.621,0.950
90,2.544,500.0,0.0,517.4,482.6,0.4125,0.3815,4.625,4.727,32.0,32.6,0.837,0.854,-0.196,17.411,0.016,16.347,0.328,0.736,0.950
91,2.560,511.1,0.0,529.2,493.0,0.4236,0.3917,4.749,4.854,32.8,33.5,0.859,0.877,-0.204,18.081,0.017,16.966,0.342,0.774,0.950
92,2.576,522.2,0.0,540.9,503.5,0.4348,0.4020,4.875,4.982,33.7,34.4,0.883,0.901,-0.212,18.704,0.018,17.580,0.356,0.768,0.950
93,2.592,533.3,0.0,552.6,514.0,0.4461,0.4124,5.002,5.110,34.6,35.3,0.906,0.925,-0.221,19.303,0.018,18.181,0.370,0.752,0.950
94,2.608,544.4,0.0,564.3,524.6,0.4575,0.4227,5.129,5.239,35.6,36.3,0.931,0.950,-0.230,19.873,0.019,18.762,0.385,0.725,0.950
95,2.624,555.6,0.0,576.0,535.1,0.4689,0.4331,5.257,5.367,36.5,37.3,0.956,0.975,-0.239,20.421,0.019,19.319,0.401,0.701,0.950
96,2.640,555.6,0.0,576.5,534.6,0.4785,0.4417,5.364,5.473,37.5,38.2,0.980,1.001,-0.248,20.924,0.020,19.848,0.417,0.660,0.950
97,2.656,555.6,0.0,576.9,534.2,0.4865,0.4488,5.454,5.560,38.4,39.2,1.005,1.026,-0.258,21.337,0.020,20.317,0.433,0.587,0.950
98,2.672,555.6,0.0,577.2,533.9,0.4933,0.4547,5.529,5.632,39.3,40.1,1.029,1.050,-0.267,21.633,0.021,20.704,0.450,0.480,0.950
99,2.688,566.7,0.0,588.5,544.8,0.5009,0.4613,5.613,5.714,40.2,41.0,1.053,1.075,-0.277,21.841,0.021,21.001,0.466,0.373,0.950
100,2.704,588.9,0.0,610.9,566.8,0.5109,0.4706,5.725,5.829,41.2,42.0,1.077,1.099,-0.287,22.043,0.021,21.250,0.483,0.310,0.950
101,2.720,611.1,0.0,633.5,588.7,0.5230,0.4820,5.861,5.969,42.1,42.9,1.102,1.124,-0.297,22.365,0.022,21.523,0.501,0.342,0.950
102,2.736,633.3,0.0,656.1,610.5,0.5368,0.4950,6.016,6.132,43.1,43.9,1.128,1.150,-0.307,22.816,0.022,21.867,0.518,0.431,0.950
103,2.752,644.4,0.0,667.8,621.0,0.5503,0.5077,6.167,6.288,44.1,45.0,1.154,1.177,-0.317,23.401,0.022,22.309,0.536,0.556,0.950
104,2.768,644.4,0.0,668.4,620.4,0.5616,0.5181,6.294,6.418,45.1,46.0,1.181,1.204,-0.328,24.004,0.023,22.816,0.554,0.634,0.950
105,2.784,644.4,0.0,669.0,619.9,0.5712,0.5268,6.401,6.525,46.1,47.0,1.208,1.232,-0.339,24.539,0.023,23.329,0.573,0.637,0.950
106,2.800,655.6,0.0,680.5,630.6,0.5811,0.5357,6.512,6.635,47.2,48.1,1.235,1.259,-0.350,24.985,0.024,23.802,0.592,0.591,0.950
107,2.816,655.6,0.0,681.0,630.2,0.5894,0.5432,6.604,6.726,48.2,49.1,1.261,1.286,-0.362,25.400,0.024,24.241,0.611,0.548,0.950
108,2.832,666.7,0.0,692.4,640.9,0.5982,0.5511,6.702,6.824,49.2,50.1,1.287,1.312,-0.373,25.735,0.025,24.623,0.631,0.481,0.950
109,2.848,666.7,0.0,692.7,640.6,0.6056,0.5577,6.784,6.904,50.1,51.1,1.313,1.338,-0.384,26.048,0.025,24.967,0.651,0.430,0.950
110,2.864,666.7,0.0,693.0,640.4,0.6119,0.5631,6.853,6.971,51.1,52.1,1.338,1.363,-0.396,26.296,0.025,25.260,0.671,0.365,0.950
111,2.880,677.8,0.0,704.3,651.3,0.6189,0.5695,6.932,7.049,52.0,53.0,1.362,1.388,-0.408,26.475,0.025,25.493,0.692,0.291,0.950
112,2.896,677.8,0.0,704.4,651.1,0.6248,0.5747,6.997,7.113,53.0,53.9,1.386,1.412,-0.420,26.672,0.026,25.700,0.712,0.260,0.950
113,2.912,677.8,0.0,704.6,651.0,0.6298,0.5791,7.052,7.167,53.8,54.8,1.409,1.435,-0.432,26.817,0.026,25.871,0.733,0.213,0.950
114,2.928,688.9,0.0,715.8,662.0,0.6358,0.5846,7.118,7.234,54.7,55.7,1.432,1.458,-0.444,26.924,0.026,26.004,0.754,0.166,0.950
115,2.944,688.9,0.0,716.0,661.8,0.6408,0.5891,7.173,7.289,55.5,56.5,1.454,1.480,-0.456,27.078,0.026,26.137,0.774,0.167,0.950
116,2.960,688.9,0.0,716.1,661.7,0.6451,0.5929,7.220,7.334,56.3,57.4,1.475,1.501,-0.468,27.199,0.026,26.256,0.796,0.148,0.950
117,2.976,700.0,0.0,727.3,672.7,0.6504,0.5978,7.279,7.395,57.1,58.1,1.495,1.522,-0.480,27.299,0.026,26.356,0.817,0.126,0.950
118,2.992,700.0,0.0,727.5,672.5,0.6549,0.6020,7.329,7.446,57.9,58.9,1.516,1.542,-0.492,27.452,0.026,26.471,0.838,0.143,0.950
119,3.008,711.1,0.0,738.7,683.5,0.6606,0.6072,7.392,7.510,58.6,59.7,1.535,1.562,-0.504,27.592,0.027,26.587,0.859,0.145,0.950
120,3.024,722.2,0.0,750.0,694.4,0.6671,0.6134,7.465,7.586,59.4,60.4,1.555,1.581,-0.517,27.791,0.027,26.731,0.880,0.180,0.950
121,3.040,722.2,0.0,750.3,694.2,0.6726,0.6185,7.526,7.649,60.1,61.1,1.574,1.601,-0.529,28.055,0.027,26.918,0.902,0.235,0.950
122,3.056,722.2,0.0,750.5,693.9,0.6773,0.6228,7.578,7.701,60.8,61.9,1.592,1.620,-0.542,28.296,0.027,27.121,0.924,0.251,0.950
123,3.072,733.3,0.0,761.8,704.8,0.6830,0.6281,7.642,7.767,61.5,62.6,1.611,1.638,-0.554,28.504,0.027,27.315,0.945,0.244,0.950
124,3.088,733.3,0.0,762.1,704.6,0.6879,0.6325,7.696,7.821,62.2,63.3,1.629,1.656,-0.567,28.747,0.028,27.522,0.968,0.257,0.950
125,3.104,744.4,0.0,773.4,715.5,0.6938,0.6380,7.762,7.889,62.9,64.0,1.647,1.674,-0.580,28.965,0.028,27.723,0.990,0.252,0.950
126,3.120,755.6,0.0,784.8,726.3,0.7006,0.6444,7.838,7.968,63.6,64.7,1.664,1.693,-0.593,29.219,0.028,27.938,1.012,0.269,0.950
127,3.136,777.8,0.0,807.3,748.3,0.7101,0.6534,7.944,8.079,64.3,65.4,1.683,1.711,-0.606,29.527,0.028,28.184,1.035,0.308,0.950
128,3.152,800.0,0.0,830.0,770.0,0.7217,0.6645,8.075,8.218,65.0,66.1,1.702,1.731,-0.619,29.968,0.029,28.507,1.057,0.404,0.950
129,3.168,800.0,0.0,830.5,769.5,0.7315,0.6736,8.185,8.331,65.8,66.9,1.722,1.752,-0.633,30.549,0.029,28.934,1.081,0.534,0.950
130,3.184,811.1,0.0,842.2,780.0,0.7416,0.6830,8.299,8.448,66.6,67.7,1.743,1.773,-0.646,31.073,0.029,29.394,1.104,0.575,0.950
131,3.200,822.2,0.0,853.8,790.6,0.7520,0.6926,8.415,8.567,67.4,68.5,1.764,1.794,-0.660,31.606,0.030,29.876,1.128,0.602,0.950
132,3.216,822.2,0.0,854.4,790.1,0.7608,0.7006,8.513,8.665,68.2,69.4,1.785,1.816,-0.674,32.136,0.030,30.369,1.152,0.615,0.950
133,3.232,833.3,0.0,865.9,800.7,0.7699,0.7089,8.616,8.768,69.0,70.2,1.806,1.838,-0.689,32.585,0.031,30.831,1.177,0.578,0.950
134,3.248,844.4,0.0,877.5,811.4,0.7795,0.7177,8.723,8.876,69.8,71.0,1.828,1.860,-0.703,33.009,0.031,31.264,1.202,0.543,0.950
135,3.264,855.6,0.0,889.0,822.1,0.7894,0.7267,8.834,8.989,70.7,71.9,1.850,1.882,-0.718,33.434,0.032,31.683,1.227,0.524,0.950
136,3.280,866.7,0.0,900.5,832.8,0.7996,0.7361,8.948,9.104,71.5,72.8,1.873,1.905,-0.733,33.862,0.032,32.094,1.253,0.514,0.950
137,3.296,888.9,0.0,923.2,854.6,0.8119,0.7475,9.086,9.246,72.4,73.7,1.896,1.929,-0.748,34.295,0.033,32.504,1.279,0.512,0.950
138,3.312,900.0,0.0,934.8,865.2,0.8240,0.7588,9.222,9.386,73.4,74.6,1.920,1.954,-0.763,34.826,0.033,32.956,1.305,0.564,0.950
139,3.328,922.2,0.0,957.6,886.9,0.8380,0.7718,9.379,9.548,74.3,75.6,1.945,1.979,-0.779,35.367,0.033,33.436,1.332,0.600,0.950
140,3.344,933.3,0.0,969.3,897.3,0.8515,0.7844,9.531,9.704,75.3,76.6,1.971,2.006,-0.795,36.001,0.034,33.972,1.359,0.670,0.950
141,3.360,955.6,0.0,992.2,918.9,0.8666,0.7985,9.701,9.879,76.3,77.7,1.998,2.034,-0.811,36.633,0.035,34.538,1.387,0.708,0.950
142,3.376,977.8,0.0,1000.0,940.4,0.8805,0.8138,9.857,10.069,77.4,78.8,2.026,2.063,-0.827,37.341,0.035,35.155,1.415,0.771,0.950
143,3.392,1000.0,0.0,1000.0,960.7,0.8921,0.8299,9.986,10.270,78.5,80.0,2.054,2.093,-0.845,39.276,0.036,36.345,1.444,1.487,0.950
144,3.408,1000.0,0.0,1000.0,956.8,0.9018,0.8428,10.094,10.429,79.5,81.1,2.082,2.124,-0.864,43.155,0.039,38.717,1.475,2.963,0.950
145,3.424,1000.0,0.0,1000.0,952.8,0.9098,0.8528,10.183,10.552,80.6,82.3,2.110,2.155,-0.885,47.224,0.042,41.828,1.509,3.888,0.950
146,3.440,1000.0,0.0,1000.0,948.8,0.9165,0.8604,10.257,10.646,81.6,83.5,2.136,2.185,-0.908,51.222,0.045,45.315,1.545,4.362,0.950
147,3.456,1000.0,0.0,1000.0,945.0,0.9221,0.8662,10.318,10.716,82.6,84.6,2.162,2.215,-0.932,54.952,0.049,48.893,1.584,4.475,0.950
148,3.472,1000.0,0.0,1000.0,941.7,0.9267,0.8705,10.369,10.767,83.5,85.7,2.187,2.243,-0.957,58.322,0.052,52.363,1.626,4.333,0.950
149,3.488,1000.0,0.0,1000.0,938.7,0.9306,0.8735,10.411,10.803,84.4,86.7,2.211,2.269,-0.984,61.278,0.056,55.582,1.670,4.026,0.950
150,3.504,1000.0,0.0,1000.0,936.3,0.9338,0.8756,10.446,10.828,85.3,87.6,2.233,2.294,-1.012,63.749,0.058,58.449,1.717,3.583,0.950
151,3.520,1000.0,0.0,1000.0,934.2,0.9365,0.8771,10.475,10.844,86.1,88.5,2.255,2.318,-1.041,65.779,0.061,60.921,1.766,3.092,0.950
152,3.536,1000.0,0.0,1000.0,932.6,0.9388,0.8780,10.499,10.854,86.9,89.4,2.275,2.340,-1.070,67.372,0.063,62.982,1.816,2.574,0.950
153,3.552,1000.0,0.0,1000.0,931.4,0.9407,0.8786,10.519,10.859,87.6,90.2,2.294,2.360,-1.100,68.581,0.065,64.640,1.868,2.073,0.950
154,3.568,1000.0,0.0,1000.0,930.6,0.9422,0.8789,10.535,10.862,88.3,90.9,2.312,2.379,-1.131,69.445,0.066,65.922,1.921,1.602,0.950
155,3.584,1000.0,0.0,1000.0,930.0,0.9435,0.8791,10.549,10.863,89.0,91.6,2.329,2.397,-1.162,70.019,0.067,66.866,1.974,1.179,0.950
156,3.600,1000.0,0.0,1000.0,929.6,0.9446,0.8792,10.560,10.863,89.6,92.2,2.345,2.413,-1.193,70.358,0.068,67.516,2.028,0.813,0.950
157,3.616,1000.0,0.0,1000.0,929.5,0.9455,0.8792,10.569,10.862,90.1,92.7,2.360,2.428,-1.224,70.505,0.068,67.919,2.082,0.504,0.950
158,3.632,1000.0,0.0,1000.0,929.5,0.9462,0.8793,10.577,10.862,90.7,93.3,2.374,2.442,-1.256,70.510,0.068,68.121,2.137,0.252,0.950
159,3.648,1000.0,0.0,1000.0,929.6,0.9469,0.8793,10.583,10.862,91.2,93.8,2.387,2.455,-1.287,70.414,0.068,68.166,2.192,0.056,0.950
160,3.664,1000.0,0.0,1000.0,929.8,0.9474,0.8794,10.588,10.862,91.6,94.2,2.399,2.467,-1.318,70.246,0.068,68.092,2.246,-0.092,0.950
161,3.680,1000.0,0.0,1000.0,930.0,0.9478,0.8795,10.592,10.862,92.1,94.7,2.410,2.478,-1.349,70.041,0.068,67.936,2.300,-0.196,0.950
162,3.696,1000.0,0.0,1000.0,930.2,0.9482,0.8796,10.595,10.863,92.5,95.0,2.421,2.488,-1.380,69.816,0.068,67.725,2.355,-0.263,0.950
163,3.712,1000.0,0.0,1000.0,930.4,0.9485,0.8797,10.598,10.864,92.8,95.4,2.430,2.498,-1.411,69.586,0.067,67.482,2.408,-0.304,0.950
164,3.728,1000.0,0.0,1000.0,930.6,0.9487,0.8799,10.600,10.865,93.2,95.7,2.439,2.506,-1.441,69.372,0.067,67.228,2.462,-0.318,0.950
165,3.744,1000.0,0.0,1000.0,930.8,0.9490,0.8800,10.602,10.867,93.5,96.1,2.448,2.515,-1.472,69.175,0.067,66.975,2.516,-0.316,0.950
166,3.760,1000.0,0.0,1000.0,931.0,0.9491,0.8802,10.604,10.868,93.8,96.3,2.456,2.522,-1.502,68.999,0.067,66.734,2.569,-0.303,0.950
167,3.776,1000.0,0.0,1000.0,931.1,0.9493,0.8804,10.605,10.870,94.1,96.6,2.463,2.529,-1.533,68.860,0.067,66.513,2.622,-0.276,0.950
168,3.792,1000.0,0.0,1000.0,931.3,0.9494,0.8805,10.606,10.872,94.3,96.9,2.470,2.536,-1.563,68.739,0.066,66.313,2.675,-0.250,0.950
169,3.808,1000.0,0.0,1000.0,931.4,0.9495,0.8806,10.607,10.873,94.6,97.1,2.476,2.542,-1.593,68.648,0.066,66.139,2.728,-0.218,0.950
170,3.824,1000.0,0.0,1000.0,931.4,0.9496,0.8808,10.607,10.874,94.8,97.3,2.482,2.548,-1.624,68.579,0.066,65.987,2.781,-0.189,0.950
171,3.840,1000.0,0.0,1000.0,931.5,0.9496,0.8809,10.608,10.875,95.0,97.5,2.487,2.553,-1.654,68.534,0.066,65.860,2.834,-0.159,0.950
172,3.856,1000.0,0.0,1000.0,931.5,0.9497,0.8810,10.608,10.876,95.2,97.7,2.492,2.558,-1.684,68.507,0.066,65.754,2.886,-0.133,0.950
173,3.872,1000.0,0.0,1000.0,931.5,0.9498,0.8811,10.609,10.877,95.4,97.9,2.497,2.562,-1.714,68.496,0.066,65.666,2.939,-0.109,0.950
174,3.888,1000.0,0.0,1000.0,931.5,0.9498,0.8811,10.609,10.878,95.5,98.0,2.501,2.567,-1.744,68.496,0.066,65.595,2.991,-0.090,0.950
175,3.904,1000.0,0.0,1000.0,931.5,0.9498,0.8812,10.609,10.878,95.7,98.2,2.505,2.571,-1.774,68.506,0.066,65.536,3.044,-0.073,0.950
176,3.920,1000.0,0.0,1000.0,931.5,0.9499,0.8813,10.609,10.879,95.8,98.3,2.509,2.574,-1.804,68.525,0.065,65.488,3.096,-0.060,0.950
177,3.936,1000.0,0.0,1000.0,931.5,0.9499,0.8813,10.609,10.879,96.0,98.5,2.512,2.578,-1.834,68.546,0.065,65.448,3.148,-0.051,0.950
178,3.952,1000.0,0.0,1000.0,931.4,0.9499,0.8813,10.609,10.879,96.1,98.6,2.515,2.581,-1.864,68.572,0.065,65.414,3.201,-0.042,0.950
179,3.968,1000.0,0.0,1000.0,931.4,0.9499,0.8813,10.609,10.879,96.2,98.7,2.518,2.584,-1.894,68.600,0.065,65.384,3.253,-0.037,0.950
180,3.984,1000.0,0.0,1000.0,931.4,0.9499,0.8813,10.609,10.879,96.3,98.8,2.521,2.586,-1.924,68.628,0.065,65.357,3.305,-0.034,0.950
181,4.000,1000.0,0.0,1000.0,931.3,0.9499,0.8813,10.609,10.879,96.4,98.9,2.524,2.589,-1.954,68.655,0.065,65.330,3.358,-0.033,0.950
182,4.016,1000.0,0.0,1000.0,931.3,0.9500,0.8813,10.609,10.879,96.5,99.0,2.526,2.591,-1.984,68.681,0.065,65.304,3.410,-0.033,0.950
183,4.032,1000.0,0.0,1000.0,931.3,0.9500,0.8813,10.609,10.879,96.6,99.1,2.528,2.593,-2.013,68.707,0.065,65.278,3.462,-0.033,0.950
184,4.048,1000.0,0.0,1000.0,931.3,0.9500,0.8813,10.609,10.879,96.7,99.1,2.530,2.595,-2.043,68.729,0.065,65.250,3.514,-0.035,0.950
185,4.064,1000.0,0.0,1000.0,931.2,0.9500,0.8813,10.609,10.878,96.7,99.2,2.532,2.597,-2.073,68.751,0.065,65.221,3.566,-0.036,0.950
186,4.080,1000.0,0.0,1000.0,931.2,0.9500,0.8813,10.609,10.878,96.8,99.3,2.534,2.599,-2.103,68.771,0.065,65.190,3.619,-0.038,0.950
187,4.096,1000.0,0.0,1000.0,931.2,0.9500,0.8813,10.609,10.878,96.8,99.3,2.535,2.600,-2.133,68.791,0.065,65.159,3.671,-0.039,0.950
188,4.112,1000.0,0.0,1000.0,931.2,0.9500,0.8813,10.609,10.878,96.9,99.4,2.537,2.602,-2.163,68.806,0.065,65.125,3.723,-0.042,0.950
189,4.128,1000.0,0.0,1000.0,931.2,0.9500,0.8812,10.609,10.877,97.0,99.4,2.538,2.603,-2.193,68.823,0.065,65.091,3.775,-0.043,0.950
190,4.144,1000.0,0.0,1000.0,931.2,0.9500,0.8812,10.609,10.877,97.0,99.5,2.539,2.604,-2.222,68.838,0.065,65.055,3.827,-0.045,0.950
191,4.160,1000.0,0.0,1000.0,931.1,0.9500,0.8812,10.609,10.877,97.0,99.5,2.541,2.606,-2.252,68.852,0.065,65.019,3.879,-0.046,0.950
192,4.176,1000.0,0.0,1000.0,931.1,0.9500,0.8812,10.609,10.877,97.1,99.6,2.542,2.607,-2.282,68.866,0.065,64.982,3.931,-0.046,0.950
193,4.192,1000.0,0.0,1000.0,931.1,0.9500,0.8812,10.609,10.877,97.1,99.6,2.543,2.608,-2.312,68.878,0.065,64.943,3.983,-0.048,0.950
194,4.208,1000.0,0.0,1000.0,931.1,0.9500,0.8812,10.609,10.876,97.2,99.6,2.544,2.608,-2.341,68.890,0.065,64.904,4.035,-0.049,0.950
195,4.224,1000.0,0.0,1000.0,931.1,0.9500,0.8812,10.609,10.876,97.2,99.7,2.544,2.609,-2.371,68.903,0.065,64.865,4.087,-0.049,0.950
196,4.240,1000.0,0.0,1000.0,931.1,0.9500,0.8812,10.609,10.876,97.2,99.7,2.545,2.610,-2.401,68.915,0.065,64.826,4.139,-0.049,0.950
197,4.256,1000.0,0.0,1000.0,931.1,0.9500,0.8811,10.609,10.876,97.3,99.7,2.546,2.611,-2.431,68.927,0.065,64.786,4.190,-0.049,0.950
198,4.272,1000.0,0.0,1000.0,931.1,0.9500,0.8811,10.609,10.876,97.3,99.8,2.547,2.611,-2.460,68.939,0.065,64.747,4.242,-0.049,0.950
199,4.288,1000.0,0.0,1000.0,931.0,0.9500,0.8811,10.609,10.875,97.3,99.8,2.547,2.612,-2.490,68.950,0.065,64.707,4.294,-0.050,0.950
200,4.304,1000.0,0.0,1000.0,931.0,0.9500,0.8811,10.609,10.875,97.3,99.8,2.548,2.612,-2.519,68.964,0.065,64.667,4.346,-0.049,0.950
201,4.320,1000.0,0.0,1000.0,931.0,0.9500,0.8811,10.609,10.875,97.3,99.8,2.548,2.613,-2.549,68.976,0.065,64.628,4.397,-0.049,0.950
202,4.336,1000.0,0.0,1000.0,931.0,0.9500,0.8811,10.609,10.875,97.4,99.8,2.549,2.613,-2.579,68.988,0.065,64.589,4.449,-0.049,0.950
203,4.352,1000.0,0.0,1000.0,931.0,0.9500,0.8811,10.609,10.875,97.4,99.8,2.549,2.614,-2.608,69.001,0.065,64.549,4.501,-0.049,0.950
204,4.368,1000.0,0.0,1000.0,931.0,0.9500,0.8810,10.609,10.875,97.4,99.9,2.550,2.614,-2.638,69.013,0.065,64.510,4.552,-0.049,0.950
205,4.384,1000.0,0.0,1000.0,931.0,0.9500,0.8810,10.609,10.874,97.4,99.9,2.550,2.615,-2.667,69.026,0.064,64.471,4.604,-0.049,0.950
206,4.400,1000.0,0.0,1000.0,931.0,0.9500,0.8810,10.609,10.874,97.4,99.9,2.551,2.615,-2.697,69.038,0.064,64.431,4.655,-0.049,0.950
207,4.416,1000.0,0.0,1000.0,930.9,0.9500,0.8810,10.609,10.874,97.4,99.9,2.551,2.615,-2.726,69.051,0.064,64.393,4.707,-0.049,0.950
208,4.432,1000.0,0.0,1000.0,930.9,0.9500,0.8810,10.609,10.874,97.5,99.9,2.551,2.615,-2.756,69.064,0.064,64.354,4.758,-0.049,0.950
209,4.448,1000.0,0.0,1000.0,930.9,0.9500,0.8810,10.609,10.874,97.5,99.9,2.551,2.616,-2.785,69.078,0.064,64.316,4.810,-0.048,0.950
210,4.464,1000.0,0.0,1000.0,930.9,0.9500,0.8810,10.609,10.874,97.5,99.9,2.552,2.616,-2.815,69.089,0.064,64.277,4.861,-0.049,0.950
211,4.480,1000.0,0.0,1000.0,930.9,0.9500,0.8810,10.609,10.874,97.5,99.9,2.552,2.616,-2.844,69.103,0.064,64.238,4.913,-0.048,0.950
212,4.496,1000.0,0.0,1000.0,930.9,0.9500,0.8809,10.609,10.873,97.5,99.9,2.552,2.616,-2.874,69.115,0.064,64.199,4.964,-0.049,0.950
213,4.512,1000.0,0.0,1000.0,930.9,0.9500,0.8809,10.609,10.873,97.5,100.0,2.552,2.617,-2.903,69.128,0.064,64.161,5.015,-0.048,0.950
214,4.528,1000.0,0.0,1000.0,930.9,0.9500,0.8809,10.609,10.873,97.5,100.0,2.553,2.617,-2.932,69.141,0.064,64.122,5.067,-0.048,0.950
215,4.544,1000.0,0.0,1000.0,930.8,0.9500,0.8809,10.609,10.873,97.5,100.0,2.553,2.617,-2.962,69.155,0.064,64.084,5.118,-0.048,0.950
216,4.560,1000.0,0.0,1000.0,930.8,0.9500,0.8809,10.609,10.873,97.5,100.0,2.553,2.617,-2.991,69.167,0.064,64.046,5.169,-0.048,0.950
217,4.576,1000.0,0.0,1000.0,930.8,0.9500,0.8809,10.609,10.873,97.5,100.0,2.553,2.617,-3.020,69.180,0.064,64.008,5.220,-0.048,0.950
218,4.592,1000.0,0.0,1000.0,930.8,0.9500,0.8809,10.609,10.872,97.5,100.0,2.553,2.617,-3.050,69.193,0.064,63.969,5.272,-0.048,0.950
219,4.608,1000.0,0.0,1000.0,930.8,0.9500,0.8809,10.609,10.872,97.5,100.0,2.553,2.617,-3.079,69.205,0.064,63.931,5.323,-0.048,0.950
220,4.624,1000.0,0.0,1000.0,930.8,0.9500,0.8808,10.609,10.872,97.5,100.0,2.554,2.617,-3.108,69.219,0.064,63.893,5.374,-0.048,0.950
221,4.640,1000.0,0.0,1000.0,930.8,0.9500,0.8808,10.609,10.872,97.5,100.0,2.554,2.617,-3.137,69.231,0.064,63.854,5.425,-0.048,0.950
222,4.656,1000.0,0.0,1000.0,930.8,0.9500,0.8808,10.609,10.872,97.6,100.0,2.554,2.618,-3.167,69.244,0.064,63.816,5.476,-0.048,0.950
223,4.672,1000.0,0.0,1000.0,930.7,0.9500,0.8808,10.609,10.872,97.6,100.0,2.554,2.618,-3.196,69.257,0.064,63.778,5.527,-0.048,0.950
224,4.688,1000.0,0.0,1000.0,930.7,0.9500,0.8808,10.609,10.871,97.6,100.0,2.554,2.618,-3.225,69.269,0.064,63.739,5.578,-0.048,0.950
225,4.704,1000.0,0.0,1000.0,930.7,0.9500,0.8808,10.609,10.871,97.6,100.0,2.554,2.618,-3.254,69.282,0.064,63.701,5.629,-0.048,0.950
226,4.720,1000.0,0.0,1000.0,930.7,0.9500,0.8808,10.609,10.871,97.6,100.0,2.554,2.618,-3.283,69.295,0.064,63.663,5.680,-0.048,0.950
227,4.736,1000.0,0.0,1000.0,930.7,0.9500,0.8808,10.609,10.871,97.6,100.0,2.554,2.618,-3.313,69.308,0.064,63.625,5.731,-0.048,0.950
228,4.752,1000.0,0.0,1000.0,930.7,0.9500,0.8807,10.609,10.871,97.6,100.0,2.554,2.618,-3.342,69.320,0.064,63.586,5.782,-0.048,0.950
229,4.768,1000.0,0.0,1000.0,930.7,0.9500,0.8807,10.609,10.871,97.6,100.0,2.554,2.618,-3.371,69.331,0.064,63.548,5.832,-0.049,0.950
230,4.784,1000.0,0.0,1000.0,930.7,0.9500,0.8807,10.609,10.870,97.6,100.0,2.554,2.618,-3.400,69.346,0.064,63.510,5.884,-0.047,0.950
231,4.800,1000.0,0.0,1000.0,930.6,0.9500,0.8807,10.609,10.870,97.6,100.0,2.554,2.618,-3.429,69.359,0.063,63.472,5.935,-0.047,0.950
232,4.816,1000.0,0.0,1000.0,930.6,0.9500,0.8807,10.609,10.870,97.6,100.0,2.554,2.618,-3.458,69.369,0.063,63.433,5.985,-0.049,0.950
233,4.832,1000.0,0.0,1000.0,930.6,0.9500,0.8807,10.609,10.870,97.6,100.0,2.554,2.618,-3.487,69.385,0.063,63.396,6.035,-0.046,0.950
234,4.848,1000.0,0.0,1000.0,930.6,0.9500,0.8807,10.609,10.870,97.6,100.0,2.555,2.618,-3.516,69.397,0.063,63.358,6.087,-0.048,0.950
235,4.864,1000.0,0.0,1000.0,930.6,0.9500,0.8807,10.609,10.870,97.6,100.0,2.555,2.618,-3.545,69.408,0.063,63.319,6.137,-0.048,0.950
236,4.880,1000.0,0.0,1000.0,930.6,0.9500,0.8806,10.609,10.870,97.6,100.0,2.555,2.618,-3.574,69.422,0.063,63.282,6.187,-0.047,0.950
237,4.896,1000.0,0.0,1000.0,930.6,0.9500,0.8806,10.609,10.869,97.6,100.0,2.555,2.618,-3.603,69.434,0.063,63.243,6.238,-0.048,0.950
238,4.912,1000.0,0.0,1000.0,930.6,0.9500,0.8806,10.609,10.869,97.6,100.0,2.555,2.618,-3.632,69.447,0.063,63.206,6.289,-0.047,0.950
239,4.928,1000.0,0.0,1000.0,930.5,0.9500,0.8806,10.609,10.869,97.6,100.0,2.555,2.618,-3.661,69.459,0.063,63.168,6.339,-0.048,0.950
240,4.944,1000.0,0.0,1000.0,930.5,0.9500,0.8806,10.609,10.869,97.6,100.0,2.555,2.618,-3.690,69.472,0.063,63.130,6.390,-0.047,0.950
241,4.960,1000.0,0.0,1000.0,930.5,0.9500,0.8806,10.609,10.869,97.6,100.0,2.555,2.618,-3.719,69.486,0.063,63.092,6.440,-0.047,0.950
242,4.976,1000.0,0.0,1000.0,930.5,0.9500,0.8806,10.609,10.869,97.6,100.0,2.555,2.618,-3.748,69.497,0.063,63.054,6.491,-0.047,0.950
243,4.992,1000.0,0.0,1000.0,930.5,0.9500,0.8806,10.609,10.868,97.6,100.0,2.555,2.618,-3.777,69.511,0.063,63.017,6.541,-0.047,0.950
244,5.008,1000.0,0.0,1000.0,930.5,0.9500,0.8805,10.609,10.868,97.6,100.0,2.555,2.618,-3.805,69.521,0.063,62.978,6.591,-0.048,0.950
245,5.024,1000.0,0.0,1000.0,930.5,0.9500,0.8805,10.609,10.868,97.6,100.0,2.555,2.618,-3.834,69.536,0.063,62.941,6.642,-0.047,0.950
246,5.040,1000.0,0.0,1000.0,930.5,0.9500,0.8805,10.609,10.868,97.6,100.0,2.555,2.618,-3.863,69.547,0.063,62.903,6.692,-0.048,0.950
247,5.056,1000.0,0.0,1000.0,930.4,0.9500,0.8805,10.609,10.868,97.6,100.0,2.555,2.618,-3.892,69.560,0.063,62.865,6.742,-0.047,0.950
248,5.072,1000.0,0.0,1000.0,930.4,0.9500,0.8805,10.609,10.868,97.6,100.0,2.555,2.618,-3.921,69.573,0.063,62.827,6.793,-0.047,0.950
249,5.088,1000.0,0.0,1000.0,930.4,0.9500,0.8805,10.609,10.867,97.6,100.0,2.555,2.618,-3.949,69.585,0.063,62.790,6.843,-0.047,0.950
250,5.104,1000.0,0.0,1000.0,930.4,0.9500,0.8805,10.609,10.867,97.6,100.0,2.555,2.618,-3.978,69.598,0.063,62.752,6.893,-0.047,0.950
251,5.120,1000.0,0.0,1000.0,930.4,0.9500,0.8805,10.609,10.867,97.6,100.0,2.555,2.618,-4.007,69.610,0.063,62.714,6.943,-0.047,0.950
252,5.136,1000.0,0.0,1000.0,930.4,0.9500,0.8804,10.609,10.867,97.6,100.0,2.555,2.618,-4.036,69.623,0.063,62.677,6.993,-0.047,0.950
253,5.152,1000.0,0.0,1000.0,930.4,0.9500,0.8804,10.609,10.867,97.6,100.0,2.555,2.618,-4.064,69.635,0.063,62.639,7.043,-0.047,0.950
254,5.168,1000.0,0.0,1000.0,930.4,0.9500,0.8804,10.609,10.867,97.6,100.0,2.555,2.617,-4.093,69.648,0.063,62.601,7.094,-0.047,0.950
255,5.184,1000.0,0.0,1000.0,930.3,0.9500,0.8804,10.609,10.867,97.6,100.0,2.555,2.617,-4.122,69.660,0.063,62.564,7.144,-0.047,0.950
256,5.200,1000.0,0.0,1000.0,930.3,0.9500,0.8804,10.609,10.866,97.6,100.0,2.555,2.617,-4.150,69.673,0.063,62.526,7.194,-0.047,0.950
257,5.216,1000.0,0.0,1000.0,930.3,0.9500,0.8804,10.609,10.866,97.6,100.0,2.555,2.617,-4.179,69.686,0.062,62.489,7.244,-0.047,0.950
258,5.232,1000.0,0.0,1000.0,930.3,0.9500,0.8804,10.609,10.866,97.6,100.0,2.555,2.617,-4.208,69.698,0.062,62.451,7.294,-0.047,0.950
259,5.248,1000.0,0.0,1000.0,930.3,0.9500,0.8804,10.609,10.866,97.6,100.0,2.555,2.617,-4.236,69.710,0.062,62.414,7.343,-0.047,0.950
260,5.264,1000.0,0.0,1000.0,930.3,0.9500,0.8803,10.609,10.866,97.6,100.0,2.555,2.617,-4.265,69.723,0.062,62.376,7.393,-0.046,0.950
261,5.280,1000.0,0.0,1000.0,930.3,0.9500,0.8803,10.609,10.866,97.6,100.0,2.555,2.617,-4.293,69.735,0.062,62.339,7.443,-0.047,0.950
262,5.296,1000.0,0.0,1000.0,930.3,0.9500,0.8803,10.609,10.865,97.6,100.0,2.555,2.617,-4.322,69.748,0.062,62.301,7.493,-0.047,0.950
263,5.312,1000.0,0.0,1000.0,930.2,0.9500,0.8803,10.609,10.865,97.6,100.0,2.555,2.617,-4.350,69.761,0.062,62.264,7.543,-0.046,0.950
264,5.328,1000.0,0.0,1000.0,930.2,0.9500,0.8803,10.609,10.865,97.6,100.0,2.555,2.617,-4.379,69.773,0.062,62.227,7.593,-0.046,0.950
265,5.344,1000.0,0.0,1000.0,930.2,0.9500,0.8803,10.609,10.865,97.6,100.0,2.555,2.617,-4.407,69.785,0.062,62.189,7.642,-0.047,0.950
266,5.360,1000.0,0.0,1000.0,930.2,0.9500,0.8803,10.609,10.865,97.6,100.0,2.555,2.617,-4.436,69.797,0.062,62.152,7.692,-0.047,0.950
267,5.376,1000.0,0.0,1000.0,930.2,0.9500,0.8803,10.609,10.865,97.6,100.0,2.555,2.617,-4.464,69.810,0.062,62.114,7.742,-0.047,0.950
268,5.392,1000.0,0.0,1000.0,930.2,0.9500,0.8802,10.609,10.865,97.6,100.0,2.555,2.617,-4.493,69.822,0.062,62.077,7.792,-0.046,0.950
269,5.408,1000.0,0.0,1000.0,930.2,0.9500,0.8802,10.609,10.864,97.6,100.0,2.555,2.617,-4.521,69.835,0.062,62.040,7.841,-0.046,0.950
270,5.424,1000.0,0.0,1000.0,930.2,0.9500,0.8802,10.609,10.864,97.6,100.0,2.555,2.617,-4.549,69.848,0.062,62.003,7.891,-0.046,0.950
271,5.440,1000.0,0.0,1000.0,930.1,0.9500,0.8802,10.609,10.864,97.6,100.0,2.555,2.617,-4.578,69.860,0.062,61.966,7.940,-0.046,0.950
272,5.456,1000.0,0.0,1000.0,930.1,0.9500,0.8802,10.609,10.864,97.6,100.0,2.555,2.617,-4.606,69.872,0.062,61.929,7.990,-0.046,0.950
273,5.472,1000.0,0.0,1000.0,930.1,0.9500,0.8802,10.609,10.864,97.6,100.0,2.555,2.617,-4.635,69.884,0.062,61.891,8.039,-0.047,0.950
274,5.488,1000.0,0.0,1000.0,930.1,0.9500,0.8802,10.609,10.864,97.6,100.0,2.555,2.617,-4.663,69.897,0.062,61.854,8.089,-0.046,0.950
275,5.504,1000.0,0.0,1000.0,930.1,0.9500,0.8802,10.609,10.863,97.6,100.0,2.555,2.617,-4.691,69.909,0.062,61.817,8.138,-0.046,0.950
276,5.520,1000.0,0.0,1000.0,930.1,0.9500,0.8801,10.609,10.863,97.6,100.0,2.555,2.617,-4.720,69.921,0.062,61.780,8.188,-0.047,0.950
277,5.536,1000.0,0.0,1000.0,930.1,0.9500,0.8801,10.609,10.863,97.6,100.0,2.555,2.617,-4.748,69.933,0.062,61.743,8.237,-0.046,0.950
278,5.552,1000.0,0.0,1000.0,930.1,0.9500,0.8801,10.609,10.863,97.6,100.0,2.555,2.617,-4.776,69.946,0.062,61.706,8.286,-0.046,0.950
279,5.568,1000.0,0.0,1000.0,930.0,0.9500,0.8801,10.609,10.863,97.6,100.0,2.555,2.617,-4.804,69.958,0.062,61.669,8.336,-0.046,0.950
280,5.584,1000.0,0.0,1000.0,930.0,0.9500,0.8801,10.609,10.863,97.6,100.0,2.555,2.617,-4.833,69.970,0.062,61.631,8.385,-0.046,0.950
281,5.600,1000.0,0.0,1000.0,930.0,0.9500,0.8801,10.609,10.863,97.6,100.0,2.555,2.617,-4.861,69.983,0.062,61.594,8.434,-0.046,0.950
282,5.616,1000.0,0.0,1000.0,930.0,0.9500,0.8801,10.609,10.862,97.6,100.0,2.555,2.617,-4.889,69.995,0.062,61.558,8.484,-0.046,0.950
283,5.632,1000.0,0.0,1000.0,930.0,0.9500,0.8801,10.609,10.862,97.6,99.9,2.555,2.617,-4.917,70.007,0.062,61.521,8.533,-0.046,0.950
284,5.648,1000.0,0.0,1000.0,930.0,0.9500,0.8800,10.609,10.862,97.6,99.9,2.555,2.616,-4.945,70.020,0.061,61.484,8.582,-0.046,0.950
285,5.664,1000.0,0.0,1000.0,930.0,0.9500,0.8800,10.609,10.862,97.6,99.9,2.555,2.616,-4.973,70.032,0.061,61.447,8.631,-0.046,0.950
286,5.680,1000.0,0.0,1000.0,930.0,0.9500,0.8800,10.609,10.862,97.6,99.9,2.555,2.616,-5.002,70.044,0.061,61.410,8.680,-0.046,0.950
287,5.696,1000.0,0.0,1000.0,929.9,0.9500,0.8800,10.609,10.862,97.6,99.9,2.555,2.616,-5.030,70.056,0.061,61.373,8.729,-0.046,0.950
288,5.712,1000.0,0.0,1000.0,929.9,0.9500,0.8800,10.609,10.862,97.6,99.9,2.555,2.616,-5.058,70.068,0.061,61.336,8.779,-0.046,0.950
289,5.728,1000.0,0.0,1000.0,929.9,0.9500,0.8800,10.609,10.861,97.6,99.9,2.555,2.616,-5.086,70.081,0.061,61.299,8.828,-0.046,0.950
290,5.744,1000.0,0.0,1000.0,929.9,0.9500,0.8800,10.609,10.861,97.6,99.9,2.555,2.616,-5.114,70.093,0.061,61.263,8.877,-0.046,0.950
291,5.760,1000.0,0.0,1000.0,929.9,0.9500,0.8800,10.609,10.861,97.6,99.9,2.555,2.616,-5.142,70.106,0.061,61.226,8.926,-0.046,0.950
292,5.776,1000.0,0.0,1000.0,929.9,0.9500,0.8799,10.609,10.861,97.6,99.9,2.555,2.616,-5.170,70.117,0.061,61.189,8.974,-0.046,0.950
293,5.792,1000.0,0.0,1000.0,929.9,0.9500,0.8799,10.609,10.861,97.6,99.9,2.555,2.616,-5.198,70.130,0.061,61.152,9.023,-0.046,0.950
294,5.808,1000.0,0.0,1000.0,929.9,0.9500,0.8799,10.609,10.861,97.6,99.9,2.555,2.616,-5.226,70.143,0.061,61.116,9.072,-0.046,0.950
295,5.824,1000.0,0.0,1000.0,929.8,0.9500,0.8799,10.609,10.860,97.6,99.9,2.555,2.616,-5.254,70.155,0.061,61.079,9.121,-0.046,0.950
296,5.840,1000.0,0.0,1000.0,929.8,0.9500,0.8799,10.609,10.860,97.6,99.9,2.555,2.616,-5.282,70.166,0.061,61.042,9.170,-0.046,0.950
297,5.856,1000.0,0.0,1000.0,929.8,0.9500,0.8799,10.609,10.860,97.6,99.9,2.555,2.616,-5.310,70.179,0.061,61.006,9.219,-0.046,0.950
298,5.872,1000.0,0.0,1000.0,929.8,0.9500,0.8799,10.609,10.860,97.6,99.9,2.555,2.616,-5.338,70.190,0.061,60.969,9.268,-0.046,0.950
299,5.888,1000.0,0.0,1000.0,929.8,0.9500,0.8799,10.609,10.860,97.6,99.9,2.555,2.616,-5.366,70.203,0.061,60.932,9.316,-0.046,0.950
300,5.904,1000.0,0.0,1000.0,929.8,0.9500,0.8798,10.609,10.860,97.6,99.9,2.555,2.616,-5.394,70.216,0.061,60.896,9.365,-0.045,0.950
301,5.920,1000.0,0.0,1000.0,929.8,0.9500,0.8798,10.609,10.860,97.6,99.9,2.555,2.616,-5.422,70.227,0.061,60.859,9.414,-0.046,0.950
302,5.936,1000.0,0.0,1000.0,929.8,0.9500,0.8798,10.609,10.859,97.6,99.9,2.555,2.616,-5.450,70.239,0.061,60.822,9.463,-0.046,0.950
303,5.952,1000.0,0.0,1000.0,929.7,0.9500,0.8798,10.609,10.859,97.6,99.9,2.555,2.616,-5.477,70.253,0.061,60.786,9.511,-0.045,0.950
304,5.968,1000.0,0.0,1000.0,929.7,0.9500,0.8798,10.609,10.859,97.6,99.9,2.555,2.616,-5.505,70.264,0.061,60.750,9.560,-0.046,0.950
305,5.984,1000.0,0.0,1000.0,929.7,0.9500,0.8798,10.609,10.859,97.6,99.9,2.555,2.616,-5.533,70.276,0.061,60.713,9.608,-0.046,0.950
306,6.000,1000.0,0.0,1000.0,929.7,0.9500,0.8798,10.609,10.859,97.6,99.9,2.555,2.616,-5.561,70.288,0.061,60.677,9.657,-0.046,0.950
307,6.016,1000.0,0.0,1000.0,929.7,0.9500,0.8798,10.609,10.859,97.6,99.9,2.555,2.616,-5.589,70.301,0.061,60.640,9.706,-0.045,0.950
308,6.032,1000.0,0.0,1000.0,929.7,0.9500,0.8797,10.609,10.858,97.6,99.9,2.555,2.616,-5.616,70.312,0.061,60.604,9.754,-0.046,0.950
309,6.048,1000.0,0.0,1000.0,929.7,0.9500,0.8797,10.609,10.858,97.6,99.9,2.555,2.616,-5.644,70.324,0.061,60.567,9.802,-0.046,0.950
310,6.064,1000.0,0.0,1000.0,929.7,0.9500,0.8797,10.609,10.858,97.6,99.9,2.555,2.616,-5.672,70.337,0.061,60.531,9.851,-0.045,0.950
311,6.080,1000.0,0.0,1000.0,929.7,0.9500,0.8797,10.609,10.858,97.6,99.9,2.555,2.616,-5.700,70.348,0.060,60.495,9.899,-0.046,0.950
312,6.096,1000.0,0.0,1000.0,929.6,0.9500,0.8797,10.609,10.858,97.6,99.9,2.555,2.615,-5.727,70.360,0.060,60.458,9.948,-0.046,0.950
313,6.112,1000.0,0.0,1000.0,929.6,0.9500,0.8797,10.609,10.858,97.6,99.9,2.555,2.615,-5.755,70.373,0.060,60.422,9.996,-0.045,0.950
314,6.128,1000.0,0.0,1000.0,929.6,0.9500,0.8797,10.609,10.858,97.6,99.9,2.555,2.615,-5.782,70.385,0.060,60.386,10.044,-0.045,0.950
315,6.144,1000.0,0.0,1000.0,929.6,0.9500,0.8797,10.609,10.857,97.6,99.9,2.555,2.615,-5.810,70.397,0.060,60.350,10.092,-0.045,0.950
316,6.160,1000.0,0.0,1000.0,929.6,0.9500,0.8797,10.609,10.857,97.6,99.9,2.555,2.615,-5.838,70.410,0.060,60.314,10.141,-0.045,0.950
317,6.176,1000.0,0.0,1000.0,929.6,0.9500,0.8796,10.609,10.857,97.6,99.9,2.555,2.615,-5.865,70.421,0.060,60.277,10.189,-0.046,0.950
318,6.192,1000.0,0.0,1000.0,929.6,0.9500,0.8796,10.609,10.857,97.6,99.9,2.555,2.615,-5.893,70.434,0.060,60.241,10.237,-0.045,0.950
319,6.208,1000.0,0.0,1000.0,929.6,0.9500,0.8796,10.609,10.857,97.6,99.9,2.555,2.615,-5.921,70.445,0.060,60.205,10.285,-0.046,0.950
320,6.224,1000.0,0.0,1000.0,929.5,0.9500,0.8796,10.609,10.857,97.6,99.9,2.555,2.615,-5.948,70.458,0.060,60.169,10.334,-0.045,0.950
321,6.240,1000.0,0.0,1000.0,929.5,0.9500,0.8796,10.609,10.857,97.6,99.9,2.555,2.615,-5.976,70.469,0.060,60.133,10.382,-0.045,0.950
322,6.256,1000.0,0.0,1000.0,929.5,0.9500,0.8796,10.609,10.856,97.6,99.9,2.555,2.615,-6.003,70.481,0.060,60.097,10.430,-0.045,0.950
323,6.272,1000.0,0.0,1000.0,929.5,0.9500,0.8796,10.609,10.856,97.6,99.9,2.555,2.615,-6.031,70.494,0.060,60.061,10.478,-0.045,0.950
324,6.288,1000.0,0.0,1000.0,929.5,0.9500,0.8796,10.609,10.856,97.6,99.9,2.555,2.615,-6.058,70.505,0.060,60.024,10.526,-0.046,0.950
325,6.304,1000.0,0.0,1000.0,929.5,0.9500,0.8795,10.609,10.856,97.6,99.9,2.555,2.615,-6.086,70.518,0.060,59.989,10.574,-0.044,0.950
326,6.320,988.9,0.0,1000.0,918.4,0.9500,0.8777,10.609,10.832,97.6,99.9,2.555,2.615,-6.113,70.530,0.060,59.953,10.622,-0.045,0.950
327,6.336,977.8,0.0,1000.0,908.2,0.9500,0.8744,10.609,10.792,97.6,99.8,2.555,2.613,-6.140,69.601,0.060,59.501,10.669,-0.569,0.950
328,6.352,977.8,0.0,1000.0,910.1,0.9500,0.8721,10.609,10.762,97.6,99.8,2.555,2.612,-6.166,67.660,0.058,58.365,10.716,-1.420,0.950
329,6.368,977.8,0.0,1000.0,912.2,0.9500,0.8704,10.609,10.742,97.6,99.7,2.555,2.610,-6.191,65.543,0.057,56.772,10.761,-1.990,0.950
330,6.384,977.8,0.0,1000.0,914.3,0.9500,0.8694,10.609,10.729,97.6,99.6,2.555,2.608,-6.215,63.454,0.055,54.934,10.805,-2.285,0.950
331,6.400,966.7,0.0,1000.0,905.2,0.9500,0.8670,10.609,10.699,97.6,99.5,2.555,2.606,-6.239,61.417,0.053,52.994,10.848,-2.425,0.950
332,6.416,966.7,0.0,1000.0,908.0,0.9500,0.8655,10.609,10.681,97.6,99.4,2.555,2.603,-6.261,58.684,0.051,50.684,10.888,-2.888,0.950
333,6.432,944.4,0.0,1000.0,888.4,0.9500,0.8610,10.609,10.624,97.6,99.3,2.555,2.600,-6.281,56.042,0.048,48.210,10.927,-3.095,0.950
334,6.448,944.4,0.0,996.2,892.7,0.9494,0.8580,10.602,10.586,97.6,99.2,2.555,2.596,-6.300,51.752,0.045,44.911,10.963,-4.122,0.950
335,6.464,922.2,0.0,970.0,874.4,0.9445,0.8524,10.546,10.516,97.6,99.0,2.554,2.592,-6.317,47.788,0.041,41.303,10.996,-4.511,0.950
336,6.480,900.0,0.0,944.2,855.8,0.9361,0.8446,10.451,10.419,97.5,98.8,2.551,2.585,-6.333,44.248,0.038,37.709,11.026,-4.488,0.950
337,6.496,877.8,0.0,919.0,836.6,0.9249,0.8349,10.324,10.298,97.3,98.5,2.546,2.578,-6.348,41.176,0.034,34.340,11.053,-4.218,0.950
338,6.512,844.4,0.0,883.1,805.8,0.9096,0.8217,10.150,10.133,97.0,98.1,2.539,2.567,-6.361,38.659,0.031,31.335,11.079,-3.755,0.950
339,6.528,822.2,0.0,858.7,785.7,0.8928,0.8074,9.960,9.953,96.6,97.6,2.528,2.555,-6.373,36.510,0.029,28.700,11.102,-3.291,0.950
340,6.544,811.1,0.0,845.9,776.3,0.8767,0.7939,9.777,9.785,96.1,97.0,2.516,2.540,-6.384,34.778,0.026,26.459,11.123,-2.804,0.950
341,6.560,811.1,0.0,844.6,777.6,0.8630,0.7829,9.623,9.648,95.5,96.4,2.501,2.524,-6.395,33.490,0.025,24.637,11.142,-2.289,0.950
342,6.576,811.1,0.0,843.8,778.4,0.8514,0.7738,9.493,9.534,94.9,95.8,2.485,2.507,-6.405,32.698,0.023,23.253,11.161,-1.717,0.950
343,6.592,800.0,0.0,832.2,767.8,0.8400,0.7645,9.364,9.419,94.3,95.1,2.468,2.490,-6.415,32.206,0.022,22.268,11.179,-1.241,0.950
344,6.608,800.0,0.0,832.0,768.0,0.8303,0.7567,9.255,9.323,93.6,94.4,2.450,2.471,-6.425,31.999,0.022,21.615,11.196,-0.812,0.950
345,6.624,777.8,0.0,809.7,745.8,0.8185,0.7466,9.123,9.197,92.9,93.7,2.431,2.452,-6.434,31.956,0.021,21.227,11.213,-0.484,0.950
346,6.640,744.4,0.0,776.3,712.5,0.8031,0.7326,8.950,9.023,92.1,92.9,2.411,2.432,-6.444,31.901,0.021,20.980,11.230,-0.309,0.950
347,6.656,711.1,0.0,742.8,679.5,0.7847,0.7154,8.742,8.808,91.2,92.0,2.388,2.409,-6.453,31.659,0.021,20.728,11.246,-0.316,0.950
348,6.672,700.0,0.0,731.2,668.8,0.7675,0.6993,8.548,8.608,90.3,91.1,2.364,2.384,-6.462,31.190,0.020,20.372,11.263,-0.444,0.950
349,6.688,677.8,0.0,708.4,647.1,0.7493,0.6822,8.343,8.396,89.3,90.0,2.338,2.357,-6.471,30.670,0.020,19.936,11.279,-0.545,0.950
350,6.704,666.7,0.0,696.7,636.6,0.7322,0.6663,8.151,8.198,88.2,89.0,2.310,2.329,-6.480,30.025,0.019,19.401,11.294,-0.670,0.950
351,6.720,644.4,0.0,673.8,615.1,0.7141,0.6494,7.948,7.988,87.1,87.8,2.281,2.299,-6.488,29.365,0.019,18.803,11.309,-0.747,0.950
352,6.736,622.2,0.0,650.8,593.6,0.6953,0.6318,7.736,7.769,85.9,86.6,2.250,2.267,-6.496,28.615,0.018,18.131,11.324,-0.839,0.950
353,6.752,588.9,0.0,616.7,561.1,0.6738,0.6117,7.495,7.519,84.7,85.3,2.217,2.233,-6.504,27.793,0.017,17.386,11.338,-0.931,0.950
354,6.768,544.4,0.0,571.3,517.6,0.6484,0.5877,7.208,7.220,83.3,83.9,2.181,2.197,-6.511,26.817,0.017,16.533,11.351,-1.067,0.950
355,6.784,500.0,0.0,525.6,474.4,0.6196,0.5605,6.884,6.881,81.8,82.4,2.142,2.157,-6.517,25.619,0.016,15.521,11.363,-1.265,0.950
356,6.800,455.6,0.0,479.8,431.4,0.5880,0.5306,6.527,6.509,80.2,80.7,2.100,2.113,-6.523,24.199,0.014,14.323,11.375,-1.498,0.950
357,6.816,444.4,0.0,467.0,421.8,0.5595,0.5042,6.207,6.180,78.5,79.0,2.055,2.067,-6.528,22.601,0.013,12.942,11.385,-1.726,0.950
358,6.832,422.2,0.0,443.3,401.1,0.5318,0.4787,5.896,5.864,76.7,77.1,2.008,2.018,-6.533,21.115,0.012,11.511,11.394,-1.790,0.950
359,6.848,411.1,0.0,430.8,391.4,0.5066,0.4558,5.614,5.580,74.9,75.2,1.960,1.968,-6.537,19.709,0.010,10.087,11.402,-1.780,0.950
360,6.864,400.0,0.0,418.5,381.5,0.4836,0.4350,5.356,5.324,73.0,73.2,1.910,1.917,-6.541,18.481,0.009,8.745,11.409,-1.674,0.950
361,6.880,377.8,0.0,395.2,360.3,0.4605,0.4142,5.097,5.067,71.0,71.3,1.859,1.866,-6.544,17.429,0.008,7.531,11.415,-1.517,0.950
362,6.896,355.6,0.0,372.0,339.1,0.4375,0.3934,4.839,4.809,69.1,69.3,1.808,1.813,-6.546,16.468,0.006,6.428,11.421,-1.381,0.950
363,6.912,322.2,0.0,337.8,306.6,0.4125,0.3706,4.560,4.527,67.1,67.2,1.756,1.760,-6.548,15.574,0.005,5.416,11.425,-1.266,0.950
364,6.928,300.0,0.0,314.6,285.4,0.3879,0.3481,4.284,4.248,65.0,65.1,1.702,1.705,-6.550,14.621,0.004,4.427,11.428,-1.235,0.950
365,6.944,288.9,0.0,302.6,275.2,0.3654,0.3277,4.033,3.997,63.0,63.1,1.648,1.651,-6.551,13.674,0.003,3.459,11.431,-1.217,0.950
366,6.960,288.9,0.0,301.7,276.0,0.3464,0.3107,3.821,3.787,60.9,60.9,1.594,1.596,-6.552,12.860,0.003,2.553,11.433,-1.126,0.950
367,6.976,277.8,0.0,290.0,265.6,0.3287,0.2948,3.624,3.593,58.8,58.9,1.540,1.542,-6.552,12.178,0.002,1.749,11.435,-1.006,0.950
368,6.992,266.7,0.0,278.3,255.0,0.3119,0.2798,3.438,3.409,56.8,56.8,1.488,1.488,-6.552,11.629,0.001,1.057,11.435,-0.864,0.950
369,7.008,255.6,0.0,266.7,244.4,0.2960,0.2656,3.262,3.234,54.8,54.8,1.436,1.436,-6.552,11.134,0.000,0.453,11.436,-0.755,0.950
370,7.024,244.4,0.0,255.1,233.7,0.2809,0.2520,3.094,3.067,52.9,52.9,1.385,1.384,-6.552,10.695,-0.000,-0.077,11.436,-0.664,0.950
371,7.040,233.3,0.0,243.6,223.1,0.2664,0.2389,2.933,2.906,51.0,50.9,1.335,1.334,-6.552,10.283,-0.001,-0.554,11.435,-0.599,0.950
372,7.056,233.3,0.0,243.2,223.4,0.2542,0.2279,2.798,2.773,49.1,49.0,1.285,1.284,-6.551,9.900,-0.001,-0.991,11.435,-0.544,0.950
373,7.072,233.3,0.0,242.9,223.7,0.2440,0.2189,2.686,2.663,47.3,47.2,1.238,1.236,-6.550,9.588,-0.001,-1.371,11.433,-0.474,0.950
374,7.088,222.2,0.0,231.6,212.8,0.2336,0.2096,2.571,2.549,45.5,45.5,1.192,1.190,-6.549,9.379,-0.002,-1.674,11.432,-0.379,0.950
375,7.104,211.1,0.0,220.3,202.0,0.2230,0.2000,2.455,2.432,43.8,43.8,1.148,1.145,-6.548,9.155,-0.002,-1.941,11.431,-0.334,0.950
376,7.120,200.0,0.0,208.9,191.1,0.2123,0.1901,2.337,2.312,42.2,42.1,1.104,1.102,-6.547,8.905,-0.002,-2.200,11.429,-0.324,0.950
377,7.136,177.8,0.0,186.4,169.2,0.1997,0.1783,2.196,2.167,40.6,40.5,1.062,1.059,-6.546,8.614,-0.002,-2.472,11.427,-0.340,0.950
378,7.152,177.8,0.0,186.0,169.6,0.1890,0.1685,2.078,2.047,39.0,38.8,1.020,1.017,-6.544,8.196,-0.003,-2.809,11.425,-0.420,0.950
379,7.168,166.7,0.0,174.5,158.8,0.1783,0.1586,1.959,1.925,37.4,37.3,0.980,0.976,-6.543,7.818,-0.003,-3.162,11.422,-0.442,0.950
380,7.184,155.6,0.0,163.0,148.1,0.1674,0.1485,1.838,1.801,35.9,35.7,0.940,0.936,-6.541,7.422,-0.004,-3.534,11.419,-0.464,0.950
381,7.200,144.4,0.0,151.4,137.5,0.1565,0.1384,1.717,1.677,34.4,34.3,0.901,0.897,-6.539,6.987,-0.004,-3.930,11.416,-0.499,0.950
382,7.216,144.4,0.0,151.0,137.9,0.1472,0.1300,1.615,1.574,33.0,32.8,0.863,0.858,-6.537,6.554,-0.004,-4.343,11.413,-0.516,0.950
383,7.232,144.4,0.0,150.6,138.3,0.1395,0.1230,1.529,1.490,31.6,31.4,0.826,0.821,-6.534,6.176,-0.005,-4.738,11.409,-0.495,0.950
384,7.248,144.4,0.0,150.3,138.6,0.1329,0.1173,1.458,1.420,30.2,30.0,0.791,0.786,-6.532,5.882,-0.005,-5.087,11.405,-0.436,0.950
385,7.264,144.4,0.0,150.1,138.8,0.1275,0.1125,1.398,1.363,28.9,28.7,0.758,0.752,-6.529,5.668,-0.005,-5.374,11.400,-0.359,0.950
386,7.280,144.4,0.0,150.0,138.9,0.1229,0.1086,1.348,1.316,27.7,27.5,0.725,0.720,-6.527,5.526,-0.006,-5.595,11.396,-0.276,0.950
387,7.296,144.4,0.0,149.9,139.0,0.1190,0.1053,1.307,1.278,26.6,26.3,0.695,0.689,-6.524,5.445,-0.006,-5.751,11.391,-0.196,0.950
388,7.312,144.4,0.0,149.9,139.0,0.1159,0.1026,1.273,1.246,25.5,25.2,0.666,0.660,-6.521,5.412,-0.006,-5.851,11.387,-0.124,0.950
389,7.328,144.4,0.0,149.9,139.0,0.1132,0.1003,1.244,1.219,24.4,24.2,0.639,0.633,-6.519,5.414,-0.006,-5.903,11.382,-0.065,0.950
390,7.344,144.4,0.0,149.9,139.0,0.1109,0.0984,1.221,1.197,23.4,23.2,0.613,0.607,-6.516,5.441,-0.006,-5.918,11.377,-0.018,0.950
391,7.360,122.8,0.0,128.3,117.3,0.1055,0.0933,1.161,1.134,22.5,22.3,0.589,0.583,-6.513,5.482,-0.006,-5.906,11.373,0.015,0.950
392,7.376,104.4,0.0,109.7,99.0,0.0979,0.0859,1.076,1.043,21.6,21.3,0.564,0.558,-6.510,5.356,-0.006,-5.953,11.368,-0.059,0.950
393,7.392,88.7,0.0,93.8,83.6,0.0888,0.0771,0.974,0.934,20.6,20.4,0.540,0.533,-6.508,5.079,-0.006,-6.101,11.363,-0.183,0.950
394,7.408,75.4,0.0,80.1,70.7,0.0790,0.0677,0.865,0.818,19.7,19.4,0.515,0.508,-6.504,4.659,-0.006,-6.366,11.358,-0.332,0.950
395,7.424,64.1,0.0,68.3,59.9,0.0689,0.0581,0.751,0.698,18.7,18.5,0.490,0.483,-6.501,4.169,-0.007,-6.730,11.352,-0.454,0.950
396,7.440,54.5,0.0,58.1,50.9,0.0588,0.0486,0.638,0.580,17.8,17.5,0.465,0.458,-6.498,3.625,-0.007,-7.171,11.347,-0.551,0.950
397,7.456,46.3,0.0,49.4,43.2,0.0490,0.0405,0.528,0.480,16.8,16.5,0.440,0.433,-6.494,3.060,-0.008,-7.664,11.341,-0.617,0.950
398,7.472,39.4,0.0,42.4,36.3,0.0408,0.0337,0.437,0.397,15.9,15.6,0.416,0.408,-6.490,3.035,-0.008,-7.946,11.334,-0.353,0.950
399,7.488,33.5,0.0,36.6,30.3,0.0340,0.0281,0.361,0.328,14.9,14.6,0.391,0.383,-6.487,3.118,-0.008,-8.064,11.328,-0.146,0.950
400,7.504,28.4,0.0,31.7,25.2,0.0283,0.0234,0.299,0.271,14.0,13.7,0.368,0.360,-6.483,3.283,-0.008,-8.052,11.321,0.014,0.950
401,7.520,24.2,0.0,27.7,20.7,0.0236,0.0195,0.247,0.224,13.2,12.9,0.345,0.337,-6.479,3.508,-0.008,-7.943,11.315,0.136,0.950
402,7.536,20.5,0.0,24.3,16.8,0.0197,0.0163,0.203,0.185,12.3,12.0,0.323,0.315,-6.476,3.781,-0.008,-7.758,11.309,0.231,0.950
403,7.552,17.5,0.0,21.5,13.4,0.0164,0.0136,0.168,0.152,11.5,11.3,0.302,0.295,-6.473,4.084,-0.008,-7.519,11.303,0.300,0.950
404,7.568,14.8,0.0,19.3,10.4,0.0137,0.0113,0.138,0.125,10.8,10.5,0.282,0.275,-6.469,4.407,-0.007,-7.239,11.297,0.349,0.950
405,7.584,12.6,0.0,17.4,7.9,0.0114,0.0094,0.114,0.103,10.1,9.8,0.263,0.257,-6.466,4.740,-0.007,-6.933,11.291,0.383,0.950
406,7.600,10.7,0.0,15.8,5.6,0.0095,0.0078,0.093,0.084,9.4,9.1,0.245,0.239,-6.464,5.078,-0.007,-6.611,11.286,0.403,0.950
407,7.616,0.0,0.0,0.0,0.0,0.0079,0.0065,0.077,0.069,8.7,8.5,0.229,0.223,-6.461,5.078,-0.007,-6.611,11.286,0.403,0.950
408,7.632,0.0,0.0,0.0,0.0,0.0066,0.0054,0.063,0.057,8.1,7.9,0.213,0.207,-6.458,5.078,-0.007,-6.611,11.286,0.403,0.950
409,7.648,0.0,0.0,0.0,0.0,0.0055,0.0045,0.051,0.046,7.6,7.4,0.198,0.193,-6.456,5.078,-0.007,-6.611,11.286,0.403,0.950
410,7.664,0.0,0.0,0.0,0.0,0.0046,0.0038,0.042,0.038,7.0,6.8,0.184,0.179,-6.454,5.078,-0.007,-6.611,11.286,0.403,0.950
411,7.680,0.0,0.0,0.0,0.0,0.0038,0.0032,0.034,0.031,6.5,6.4,0.171,0.166,-6.451,5.078,-0.007,-6.611,11.286,0.403,0.950
412,7.696,0.0,0.0,0.0,0.0,0.0032,0.0026,0.028,0.025,6.1,5.9,0.159,0.154,-6.449,5.078,-0.007,-6.611,11.286,0.403,0.950
413,7.712,0.0,0.0,0.0,0.0,0.0026,0.0022,0.022,0.020,5.6,5.5,0.147,0.143,-6.448,5.078,-0.007,-6.611,11.286,0.403,0.950
414,7.728,0.0,0.0,0.0,0.0,0.0022,0.0018,0.018,0.016,5.2,5.1,0.137,0.133,-6.446,5.078,-0.007,-6.611,11.286,0.403,0.950
415,7.744,0.0,0.0,0.0,0.0,0.0018,0.0015,0.014,0.013,4.8,4.7,0.127,0.123,-6.444,5.078,-0.007,-6.611,11.286,0.403,0.950
416,7.760,0.0,0.0,0.0,0.0,0.0015,0.0013,0.012,0.010,4.5,4.4,0.118,0.114,-6.443,5.078,-0.007,-6.611,11.286,0.403,0.950
417,7.776,0.0,0.0,0.0,0.0,0.0013,0.0011,0.009,0.008,4.2,4.1,0.109,0.106,-6.441,5.078,-0.007,-6.611,11.286,0.403,0.950
418,7.792,0.0,0.0,0.0,0.0,0.0011,0.0009,0.007,0.006,3.9,3.8,0.101,0.098,-6.440,5.078,-0.007,-6.611,11.286,0.403,0.950
419,7.808,0.0,0.0,0.0,0.0,0.0009,0.0007,0.006,0.005,3.6,3.5,0.094,0.091,-6.439,5.078,-0.007,-6.611,11.286,0.403,0.950
420,7.824,0.0,0.0,0.0,0.0,0.0007,0.0006,0.004,0.004,3.3,3.2,0.087,0.085,-6.438,5.078,-0.007,-6.611,11.286,0.403,0.950
421,7.840,0.0,0.0,0.0,0.0,0.0006,0.0005,0.003,0.003,3.1,3.0,0.081,0.078,-6.436,5.078,-0.007,-6.611,11.286,0.403,0.950
422,7.856,0.0,0.0,0.0,0.0,0.0005,0.0004,0.003,0.002,2.9,2.8,0.075,0.073,-6.435,5.078,-0.007,-6.611,11.286,0.403,0.950
423,7.872,0.0,0.0,0.0,0.0,0.0004,0.0004,0.002,0.002,2.6,2.6,0.069,0.067,-6.435,5.078,-0.007,-6.611,11.286,0.403,0.950
424,7.888,0.0,0.0,0.0,0.0,0.0004,0.0003,0.001,0.001,2.4,2.4,0.064,0.062,-6.434,5.078,-0.007,-6.611,11.286,0.403,0.950
425,7.904,0.0,0.0,0.0,0.0,0.0003,0.0002,0.001,0.001,2.3,2.2,0.059,0.058,-6.433,5.078,-0.007,-6.611,11.286,0.403,0.950
426,7.920,0.0,0.0,0.0,0.0,0.0002,0.0002,0.001,0.000,2.1,2.0,0.055,0.053,-6.432,5.078,-0.007,-6.611,11.286,0.403,0.950
427,7.936,0.0,0.0,0.0,0.0,0.0002,0.0002,0.000,0.000,1.9,1.9,0.051,0.049,-6.432,5.078,-0.007,-6.611,11.286,0.403,0.950
428,7.952,0.0,0.0,0.0,0.0,0.0002,0.0001,0.000,0.000,1.8,1.7,0.047,0.046,-6.431,5.078,-0.007,-6.611,11.286,0.403,0.950
429,7.968,0.0,0.0,0.0,0.0,0.0001,0.0001,0.000,0.000,1.7,1.6,0.044,0.042,-6.430,5.078,-0.007,-6.611,11.286,0.403,0.950
430,7.984,0.0,0.0,0.0,0.0,0.0001,0.0001,0.000,0.000,1.5,1.5,0.040,0.039,-6.430,5.078,-0.007,-6.611,11.286,0.403,0.950
431,8.000,0.0,0.0,0.0,0.0,0.0001,0.0001,0.000,0.000,1.4,1.4,0.037,0.036,-6.429,5.078,-0.007,-6.611,11.286,0.403,0.950
432,8.016,0.0,0.0,0.0,0.0,0.0001,0.0001,0.000,0.000,1.3,1.3,0.035,0.034,-6.429,5.078,-0.007,-6.611,11.286,0.403,0.950
433,8.032,0.0,0.0,0.0,0.0,0.0001,0.0001,0.000,0.000,1.2,1.2,0.032,0.031,-6.428,5.078,-0.007,-6.611,11.286,0.403,0.950
434,8.048,0.0,0.0,0.0,0.0,0.0001,0.0000,0.000,0.000,1.1,1.1,0.030,0.029,-6.428,5.078,-0.007,-6.611,11.286,0.403,0.950
435,8.064,0.0,0.0,0.0,0.0,0.0000,0.0000,0.000,0.000,1.1,1.0,0.027,0.027,-6.428,5.078,-0.007,-6.611,11.286,0.403,0.950
436,8.080,0.0,0.0,0.0,0.0,0.0000,0.0000,0.000,0.000,1.0,0.9,0.025,0.025,-6.427,5.078,-0.007,-6.611,11.286,0.403,0.950
437,8.096,0.0,0.0,0.0,0.0,0.0000,0.0000,0.000,0.000,0.9,0.9,0.024,0.023,-6.427,5.078,-0.007,-6.611,11.286,0.403,0.950
438,8.112,0.0,0.0,0.0,0.0,0.0000,0.0000,0.000,0.000,0.8,0.8,0.022,0.021,-6.427,5.078,-0.007,-6.611,11.286,0.403,0.950
439,8.128,0.0,0.0,0.0,0.0,0.0000,0.0000,0.000,0.000,0.8,0.7,0.020,0.020,-6.426,5.078,-0.007,-6.611,11.286,0.403,0.950
440,8.144,0.0,0.0,0.0,0.0,0.0000,0.0000,0.000,0.000,0.7,0.7,0.019,0.018,-6.426,5.078,-0.007,-6.611,11.286,0.403,0.950
441,8.160,0.0,0.0,0.0,0.0,0.0000,0.0000,0.000,0.000,0.7,0.6,0.017,0.017,-6.426,5.078,-0.007,-6.611,11.286,0.403,0.950
442,8.176,0.0,0.0,0.0,0.0,0.0000,0.0000,0.000,0.000,0.6,0.6,0.016,0.016,-6.426,5.078,-0.007,-6.611,11.286,0.403,0.950
443,8.192,0.0,0.0,0.0,0.0,0.0000,0.0000,0.000,0.000,0.6,0.6,0.015,0.014,-6.426,5.078,-0.007,-6.611,11.286,0.403,0.950
444,8.208,0.0,0.0,0.0,0.0,0.0000,0.0000,0.000,0.000,0.5,0.5,0.014,0.013,-6.425,5.078,-0.007,-6.611,11.286,0.403,0.950
445,8.224,0.0,0.0,0.0,0.0,0.0000,0.0000,0.000,0.000,0.5,0.5,0.013,0.012,-6.425,5.078,-0.007,-6.611,11.286,0.403,0.950
446,8.240,0.0,0.0,0.0,0.0,0.0000,0.0000,0.000,0.000,0.5,0.4,0.012,0.011,-6.425,5.078,-0.007,-6.611,11.286,0.403,0.950
447,8.256,0.0,0.0,0.0,0.0,0.0000,0.0000,0.000,0.000,0.4,0.4,0.011,0.011,-6.425,5.078,-0.007,-6.611,11.286,0.403,0.950
448,8.272,0.0,0.0,0.0,0.0,0.0000,0.0000,0.000,0.000,0.4,0.4,0.010,0.010,-6.425,5.078,-0.007,-6.611,11.286,0.403,0.950
449,8.288,0.0,0.0,0.0,0.0,0.0000,0.0000,0.000,0.000,0.4,0.3,0.009,0.009,-6.425,5.078,-0.007,-6.611,11.286,0.403,0.950
450,8.304,0.0,0.0,0.0,0.0,0.0000,0.0000,0.000,0.000,0.3,0.3,0.009,0.008,-6.425,5.078,-0.007,-6.611,11.286,0.403,0.950
451,8.320,0.0,0.0,0.0,0.0,0.0000,0.0000,0.000,0.000,0.3,0.3,0.008,0.008,-6.424,5.078,-0.007,-6.611,11.286,0.403,0.950
452,8.336,0.0,0.0,0.0,0.0,0.0000,0.0000,0.000,0.000,0.3,0.3,0.007,0.007,-6.424,5.078,-0.007,-6.611,11.286,0.403,0.950
453,8.352,0.0,0.0,0.0,0.0,0.0000,0.0000,0.000,0.000,0.3,0.3,0.007,0.007,-6.424,5.078,-0.007,-6.611,11.286,0.403,0.950
454,8.368,0.0,0.0,0.0,0.0,0.0000,0.0000,0.000,0.000,0.2,0.2,0.006,0.006,-6.424,5.078,-0.007,-6.611,11.286,0.403,0.950
455,8.384,0.0,0.0,0.0,0.0,0.0000,0.0000,0.000,0.000,0.2,0.2,0.006,0.006,-6.424,5.078,-0.007,-6.611,11.286,0.403,0.950
456,8.400,0.0,0.0,0.0,0.0,0.0000,0.0000,0.000,0.000,0.2,0.2,0.005,0.005,-6.424,5.078,-0.007,-6.611,11.286,0.403,0.950
457,8.416,0.0,0.0,0.0,0.0,0.0000,0.0000,0.000,0.000,0.2,0.2,0.005,0.005,-6.424,5.078,-0.007,-6.611,11.286,0.403,0.950
458,8.432,0.0,0.0,0.0,0.0,0.0000,0.0000,0.000,0.000,0.2,0.2,0.005,0.005,-6.424,5.078,-0.007,-6.611,11.286,0.403,0.950
459,8.448,0.0,0.0,0.0,0.0,0.0000,0.0000,0.000,0.000,0.2,0.2,0.004,0.004,-6.424,5.078,-0.007,-6.611,11.286,0.403,0.950
460,8.464,0.0,0.0,0.0,0.0,0.0000,0.0000,0.000,0.000,0.2,0.1,0.004,0.004,-6.424,5.078,-0.007,-6.611,11.286,0.403,0.950
461,8.480,0.0,0.0,0.0,0.0,0.0000,0.0000,0.000,0.000,0.1,0.1,0.004,0.004,-6.424,5.078,-0.007,-6.611,11.286,0.403,0.950
462,8.496,0.0,0.0,0.0,0.0,0.0000,0.0000,0.000,0.000,0.1,0.1,0.003,0.003,-6.424,5.078,-0.007,-6.611,11.286,0.403,0.950
